"Name","RequiredServices","CanPauseAndContinue","CanShutdown","CanStop","DisplayName","DependentServices","MachineName","ServiceName","ServicesDependedOn","ServiceHandle","Status","ServiceType","StartType","Site","Container"
"AxInstSV","System.ServiceProcess.ServiceController[]","False","False","False","ActiveX Installer (AxInstSV)","System.ServiceProcess.ServiceController[]",".","AxInstSV","System.ServiceProcess.ServiceController[]",,"Stopped","Win32ShareProcess","Manual",,
"AJRouter","System.ServiceProcess.ServiceController[]","False","False","False","AllJoyn Router Service","System.ServiceProcess.ServiceController[]",".","AJRouter","System.ServiceProcess.ServiceController[]",,"Stopped","Win32ShareProcess","Manual",,
"AppReadiness","System.ServiceProcess.ServiceController[]","False","False","False","App Readiness","System.ServiceProcess.ServiceController[]",".","AppReadiness","System.ServiceProcess.ServiceController[]",,"Stopped","Win32ShareProcess","Manual",,
"AppIDSvc","System.ServiceProcess.ServiceController[]","False","False","False","Application Identity","System.ServiceProcess.ServiceController[]",".","AppIDSvc","System.ServiceProcess.ServiceController[]",,"Stopped","Win32ShareProcess","Manual",,
"ALG","System.ServiceProcess.ServiceController[]","False","False","False","Application Layer Gateway Service","System.ServiceProcess.ServiceController[]",".","ALG","System.ServiceProcess.ServiceController[]",,"Stopped","Win32OwnProcess","Manual",,
"AppMgmt","System.ServiceProcess.ServiceController[]","False","False","False","Application Management","System.ServiceProcess.ServiceController[]",".","AppMgmt","System.ServiceProcess.ServiceController[]",,"Stopped","Win32ShareProcess","Manual",,
"AppXSvc","System.ServiceProcess.ServiceController[]","False","False","False","AppX Deployment Service (AppXSVC)","System.ServiceProcess.ServiceController[]",".","AppXSvc","System.ServiceProcess.ServiceController[]",,"Stopped","Win32OwnProcess, Win32ShareProcess","Manual",,
"AssignedAccessManagerSvc","System.ServiceProcess.ServiceController[]","False","False","False","AssignedAccessManager Service","System.ServiceProcess.ServiceController[]",".","AssignedAccessManagerSvc","System.ServiceProcess.ServiceController[]",,"Stopped","Win32ShareProcess","Manual",,
"tzautoupdate","System.ServiceProcess.ServiceController[]","False","False","False","Auto Time Zone Updater","System.ServiceProcess.ServiceController[]",".","tzautoupdate","System.ServiceProcess.ServiceController[]",,"Stopped","Win32ShareProcess","Disabled",,
"BDESVC","System.ServiceProcess.ServiceController[]","False","False","False","BitLocker Drive Encryption Service","System.ServiceProcess.ServiceController[]",".","BDESVC","System.ServiceProcess.ServiceController[]",,"Stopped","Win32ShareProcess","Manual",,
"wbengine","System.ServiceProcess.ServiceController[]","False","False","False","Block Level Backup Engine Service","System.ServiceProcess.ServiceController[]",".","wbengine","System.ServiceProcess.ServiceController[]",,"Stopped","Win32OwnProcess","Manual",,
"BTAGService","System.ServiceProcess.ServiceController[]","False","False","False","Bluetooth Audio Gateway Service","System.ServiceProcess.ServiceController[]",".","BTAGService","System.ServiceProcess.ServiceController[]",,"Stopped","Win32ShareProcess","Manual",,
"bthserv","System.ServiceProcess.ServiceController[]","False","False","False","Bluetooth Support Service","System.ServiceProcess.ServiceController[]",".","bthserv","System.ServiceProcess.ServiceController[]",,"Stopped","Win32ShareProcess","Manual",,
"BluetoothUserService_156b9e4","System.ServiceProcess.ServiceController[]","False","False","False","Bluetooth User Support Service_156b9e4","System.ServiceProcess.ServiceController[]",".","BluetoothUserService_156b9e4","System.ServiceProcess.ServiceController[]",,"Stopped","224","Manual",,
"PeerDistSvc","System.ServiceProcess.ServiceController[]","False","False","False","BranchCache","System.ServiceProcess.ServiceController[]",".","PeerDistSvc","System.ServiceProcess.ServiceController[]",,"Stopped","Win32ShareProcess","Manual",,
"camsvc","System.ServiceProcess.ServiceController[]","False","False","False","Capability Access Manager Service","System.ServiceProcess.ServiceController[]",".","camsvc","System.ServiceProcess.ServiceController[]",,"Stopped","Win32OwnProcess, Win32ShareProcess","Manual",,
"CaptureService_156b9e4","System.ServiceProcess.ServiceController[]","False","False","False","CaptureService_156b9e4","System.ServiceProcess.ServiceController[]",".","CaptureService_156b9e4","System.ServiceProcess.ServiceController[]",,"Stopped","224","Manual",,
"CertPropSvc","System.ServiceProcess.ServiceController[]","False","False","False","Certificate Propagation","System.ServiceProcess.ServiceController[]",".","CertPropSvc","System.ServiceProcess.ServiceController[]",,"Stopped","Win32ShareProcess","Manual",,
"ClipSVC","System.ServiceProcess.ServiceController[]","False","False","False","Client License Service (ClipSVC)","System.ServiceProcess.ServiceController[]",".","ClipSVC","System.ServiceProcess.ServiceController[]",,"Stopped","Win32OwnProcess, Win32ShareProcess","Manual",,
"COMSysApp","System.ServiceProcess.ServiceController[]","False","False","False","COM+ System Application","System.ServiceProcess.ServiceController[]",".","COMSysApp","System.ServiceProcess.ServiceController[]",,"Stopped","Win32OwnProcess","Manual",,
"ConsentUxUserSvc_156b9e4","System.ServiceProcess.ServiceController[]","False","False","False","ConsentUX_156b9e4","System.ServiceProcess.ServiceController[]",".","ConsentUxUserSvc_156b9e4","System.ServiceProcess.ServiceController[]",,"Stopped","224","Manual",,
"PimIndexMaintenanceSvc_156b9e4","System.ServiceProcess.ServiceController[]","False","False","False","Contact Data_156b9e4","System.ServiceProcess.ServiceController[]",".","PimIndexMaintenanceSvc_156b9e4","System.ServiceProcess.ServiceController[]",,"Stopped","224","Manual",,
"DsSvc","System.ServiceProcess.ServiceController[]","False","False","False","Data Sharing Service","System.ServiceProcess.ServiceController[]",".","DsSvc","System.ServiceProcess.ServiceController[]",,"Stopped","Win32ShareProcess","Manual",,
"DusmSvc","System.ServiceProcess.ServiceController[]","False","False","False","Data Usage","System.ServiceProcess.ServiceController[]",".","DusmSvc","System.ServiceProcess.ServiceController[]",,"Stopped","Win32OwnProcess","Disabled",,
"DoSvc","System.ServiceProcess.ServiceController[]","False","False","False","Delivery Optimization","System.ServiceProcess.ServiceController[]",".","DoSvc","System.ServiceProcess.ServiceController[]",,"Stopped","Win32OwnProcess, Win32ShareProcess","Manual",,
"DeviceAssociationService","System.ServiceProcess.ServiceController[]","False","False","False","Device Association Service","System.ServiceProcess.ServiceController[]",".","DeviceAssociationService","System.ServiceProcess.ServiceController[]",,"Stopped","Win32ShareProcess","Manual",,
"DeviceInstall","System.ServiceProcess.ServiceController[]","False","False","False","Device Install Service","System.ServiceProcess.ServiceController[]",".","DeviceInstall","System.ServiceProcess.ServiceController[]",,"Stopped","Win32ShareProcess","Manual",,
"DmEnrollmentSvc","System.ServiceProcess.ServiceController[]","False","False","False","Device Management Enrollment Service","System.ServiceProcess.ServiceController[]",".","DmEnrollmentSvc","System.ServiceProcess.ServiceController[]",,"Stopped","Win32OwnProcess","Manual",,
"dmwappushservice","System.ServiceProcess.ServiceController[]","False","False","False","Device Management Wireless Application Protocol (WAP) Push message Routing Service","System.ServiceProcess.ServiceController[]",".","dmwappushservice","System.ServiceProcess.ServiceController[]",,"Stopped","Win32ShareProcess","Manual",,
"DsmSvc","System.ServiceProcess.ServiceController[]","False","False","False","Device Setup Manager","System.ServiceProcess.ServiceController[]",".","DsmSvc","System.ServiceProcess.ServiceController[]",,"Stopped","Win32ShareProcess","Manual",,
"DevicePickerUserSvc_156b9e4","System.ServiceProcess.ServiceController[]","False","False","False","DevicePicker_156b9e4","System.ServiceProcess.ServiceController[]",".","DevicePickerUserSvc_156b9e4","System.ServiceProcess.ServiceController[]",,"Stopped","224","Manual",,
"DevicesFlowUserSvc_156b9e4","System.ServiceProcess.ServiceController[]","False","False","False","DevicesFlow_156b9e4","System.ServiceProcess.ServiceController[]",".","DevicesFlowUserSvc_156b9e4","System.ServiceProcess.ServiceController[]",,"Stopped","224","Manual",,
"DevQueryBroker","System.ServiceProcess.ServiceController[]","False","False","False","DevQuery Background Discovery Broker","System.ServiceProcess.ServiceController[]",".","DevQueryBroker","System.ServiceProcess.ServiceController[]",,"Stopped","Win32ShareProcess","Manual",,
"diagsvc","System.ServiceProcess.ServiceController[]","False","False","False","Diagnostic Execution Service","System.ServiceProcess.ServiceController[]",".","diagsvc","System.ServiceProcess.ServiceController[]",,"Stopped","Win32ShareProcess","Manual",,
"DPS","System.ServiceProcess.ServiceController[]","False","False","False","Diagnostic Policy Service","System.ServiceProcess.ServiceController[]",".","DPS","System.ServiceProcess.ServiceController[]",,"Stopped","Win32ShareProcess","Disabled",,
"WdiServiceHost","System.ServiceProcess.ServiceController[]","False","False","False","Diagnostic Service Host","System.ServiceProcess.ServiceController[]",".","WdiServiceHost","System.ServiceProcess.ServiceController[]",,"Stopped","Win32ShareProcess","Manual",,
"WdiSystemHost","System.ServiceProcess.ServiceController[]","False","False","False","Diagnostic System Host","System.ServiceProcess.ServiceController[]",".","WdiSystemHost","System.ServiceProcess.ServiceController[]",,"Stopped","Win32ShareProcess","Manual",,
"DisplayEnhancementService","System.ServiceProcess.ServiceController[]","False","False","False","Display Enhancement Service","System.ServiceProcess.ServiceController[]",".","DisplayEnhancementService","System.ServiceProcess.ServiceController[]",,"Stopped","Win32ShareProcess","Manual",,
"TrkWks","System.ServiceProcess.ServiceController[]","False","False","False","Distributed Link Tracking Client","System.ServiceProcess.ServiceController[]",".","TrkWks","System.ServiceProcess.ServiceController[]",,"Stopped","Win32ShareProcess","Disabled",,
"MSDTC","System.ServiceProcess.ServiceController[]","False","False","False","Distributed Transaction Coordinator","System.ServiceProcess.ServiceController[]",".","MSDTC","System.ServiceProcess.ServiceController[]",,"Stopped","Win32OwnProcess","Manual",,
"MapsBroker","System.ServiceProcess.ServiceController[]","False","False","False","Downloaded Maps Manager","System.ServiceProcess.ServiceController[]",".","MapsBroker","System.ServiceProcess.ServiceController[]",,"Stopped","Win32OwnProcess","Automatic",,
"embeddedmode","System.ServiceProcess.ServiceController[]","False","False","False","Embedded Mode","System.ServiceProcess.ServiceController[]",".","embeddedmode","System.ServiceProcess.ServiceController[]",,"Stopped","Win32ShareProcess","Manual",,
"EFS","System.ServiceProcess.ServiceController[]","False","False","False","Encrypting File System (EFS)","System.ServiceProcess.ServiceController[]",".","EFS","System.ServiceProcess.ServiceController[]",,"Stopped","Win32ShareProcess","Manual",,
"EntAppSvc","System.ServiceProcess.ServiceController[]","False","False","False","Enterprise App Management Service","System.ServiceProcess.ServiceController[]",".","EntAppSvc","System.ServiceProcess.ServiceController[]",,"Stopped","Win32ShareProcess","Manual",,
"Eaphost","System.ServiceProcess.ServiceController[]","False","False","False","Extensible Authentication Protocol","System.ServiceProcess.ServiceController[]",".","Eaphost","System.ServiceProcess.ServiceController[]",,"Stopped","Win32ShareProcess","Manual",,
"Fax","System.ServiceProcess.ServiceController[]","False","False","False","Fax","System.ServiceProcess.ServiceController[]",".","Fax","System.ServiceProcess.ServiceController[]",,"Stopped","Win32OwnProcess","Manual",,
"fhsvc","System.ServiceProcess.ServiceController[]","False","False","False","File History Service","System.ServiceProcess.ServiceController[]",".","fhsvc","System.ServiceProcess.ServiceController[]",,"Stopped","Win32ShareProcess","Manual",,
"fdPHost","System.ServiceProcess.ServiceController[]","False","False","False","Function Discovery Provider Host","System.ServiceProcess.ServiceController[]",".","fdPHost","System.ServiceProcess.ServiceController[]",,"Stopped","Win32ShareProcess","Manual",,
"FDResPub","System.ServiceProcess.ServiceController[]","False","False","False","Function Discovery Resource Publication","System.ServiceProcess.ServiceController[]",".","FDResPub","System.ServiceProcess.ServiceController[]",,"Stopped","Win32ShareProcess","Manual",,
"BcastDVRUserService_156b9e4","System.ServiceProcess.ServiceController[]","False","False","False","GameDVR and Broadcast User Service_156b9e4","System.ServiceProcess.ServiceController[]",".","BcastDVRUserService_156b9e4","System.ServiceProcess.ServiceController[]",,"Stopped","224","Manual",,
"lfsvc","System.ServiceProcess.ServiceController[]","False","False","False","Geolocation Service","System.ServiceProcess.ServiceController[]",".","lfsvc","System.ServiceProcess.ServiceController[]",,"Stopped","Win32ShareProcess","Manual",,
"GoogleChromeElevationService","System.ServiceProcess.ServiceController[]","False","False","False","Google Chrome Elevation Service (GoogleChromeElevationService)","System.ServiceProcess.ServiceController[]",".","GoogleChromeElevationService","System.ServiceProcess.ServiceController[]",,"Stopped","Win32OwnProcess","Manual",,
"GoogleUpdaterInternalService141.0.7376.0","System.ServiceProcess.ServiceController[]","False","False","False","Google Updater Internal Service (GoogleUpdaterInternalService141.0.7376.0)","System.ServiceProcess.ServiceController[]",".","GoogleUpdaterInternalService141.0.7376.0","System.ServiceProcess.ServiceController[]",,"Stopped","Win32OwnProcess","Automatic",,
"GoogleUpdaterService141.0.7376.0","System.ServiceProcess.ServiceController[]","False","False","False","Google Updater Service (GoogleUpdaterService141.0.7376.0)","System.ServiceProcess.ServiceController[]",".","GoogleUpdaterService141.0.7376.0","System.ServiceProcess.ServiceController[]",,"Stopped","Win32OwnProcess","Automatic",,
"GraphicsPerfSvc","System.ServiceProcess.ServiceController[]","False","False","False","GraphicsPerfSvc","System.ServiceProcess.ServiceController[]",".","GraphicsPerfSvc","System.ServiceProcess.ServiceController[]",,"Stopped","Win32ShareProcess","Manual",,
"hidserv","System.ServiceProcess.ServiceController[]","False","False","False","Human Interface Device Service","System.ServiceProcess.ServiceController[]",".","hidserv","System.ServiceProcess.ServiceController[]",,"Stopped","Win32ShareProcess","Manual",,
"HvHost","System.ServiceProcess.ServiceController[]","False","False","False","HV Host Service","System.ServiceProcess.ServiceController[]",".","HvHost","System.ServiceProcess.ServiceController[]",,"Stopped","Win32ShareProcess","Manual",,
"vmickvpexchange","System.ServiceProcess.ServiceController[]","False","False","False","Hyper-V Data Exchange Service","System.ServiceProcess.ServiceController[]",".","vmickvpexchange","System.ServiceProcess.ServiceController[]",,"Stopped","Win32ShareProcess","Manual",,
"vmicguestinterface","System.ServiceProcess.ServiceController[]","False","False","False","Hyper-V Guest Service Interface","System.ServiceProcess.ServiceController[]",".","vmicguestinterface","System.ServiceProcess.ServiceController[]",,"Stopped","Win32ShareProcess","Manual",,
"vmicshutdown","System.ServiceProcess.ServiceController[]","False","False","False","Hyper-V Guest Shutdown Service","System.ServiceProcess.ServiceController[]",".","vmicshutdown","System.ServiceProcess.ServiceController[]",,"Stopped","Win32ShareProcess","Manual",,
"vmicheartbeat","System.ServiceProcess.ServiceController[]","False","False","False","Hyper-V Heartbeat Service","System.ServiceProcess.ServiceController[]",".","vmicheartbeat","System.ServiceProcess.ServiceController[]",,"Stopped","Win32ShareProcess","Manual",,
"vmicvmsession","System.ServiceProcess.ServiceController[]","False","False","False","Hyper-V PowerShell Direct Service","System.ServiceProcess.ServiceController[]",".","vmicvmsession","System.ServiceProcess.ServiceController[]",,"Stopped","Win32ShareProcess","Manual",,
"vmicrdv","System.ServiceProcess.ServiceController[]","False","False","False","Hyper-V Remote Desktop Virtualization Service","System.ServiceProcess.ServiceController[]",".","vmicrdv","System.ServiceProcess.ServiceController[]",,"Stopped","Win32ShareProcess","Manual",,
"vmictimesync","System.ServiceProcess.ServiceController[]","False","False","False","Hyper-V Time Synchronization Service","System.ServiceProcess.ServiceController[]",".","vmictimesync","System.ServiceProcess.ServiceController[]",,"Stopped","Win32ShareProcess","Manual",,
"vmicvss","System.ServiceProcess.ServiceController[]","False","False","False","Hyper-V Volume Shadow Copy Requestor","System.ServiceProcess.ServiceController[]",".","vmicvss","System.ServiceProcess.ServiceController[]",,"Stopped","Win32ShareProcess","Manual",,
"IKEEXT","System.ServiceProcess.ServiceController[]","False","False","False","IKE and AuthIP IPsec Keying Modules","System.ServiceProcess.ServiceController[]",".","IKEEXT","System.ServiceProcess.ServiceController[]",,"Stopped","Win32ShareProcess","Manual",,
"irmon","System.ServiceProcess.ServiceController[]","False","False","False","Infrared monitor service","System.ServiceProcess.ServiceController[]",".","irmon","System.ServiceProcess.ServiceController[]",,"Stopped","Win32ShareProcess","Manual",,
"SharedAccess","System.ServiceProcess.ServiceController[]","False","False","False","Internet Connection Sharing (ICS)","System.ServiceProcess.ServiceController[]",".","SharedAccess","System.ServiceProcess.ServiceController[]",,"Stopped","Win32ShareProcess","Manual",,
"IpxlatCfgSvc","System.ServiceProcess.ServiceController[]","False","False","False","IP Translation Configuration Service","System.ServiceProcess.ServiceController[]",".","IpxlatCfgSvc","System.ServiceProcess.ServiceController[]",,"Stopped","Win32ShareProcess","Manual",,
"PolicyAgent","System.ServiceProcess.ServiceController[]","False","False","False","IPsec Policy Agent","System.ServiceProcess.ServiceController[]",".","PolicyAgent","System.ServiceProcess.ServiceController[]",,"Stopped","Win32ShareProcess","Manual",,
"KtmRm","System.ServiceProcess.ServiceController[]","False","False","False","KtmRm for Distributed Transaction Coordinator","System.ServiceProcess.ServiceController[]",".","KtmRm","System.ServiceProcess.ServiceController[]",,"Stopped","Win32ShareProcess","Manual",,
"LxpSvc","System.ServiceProcess.ServiceController[]","False","False","False","Language Experience Service","System.ServiceProcess.ServiceController[]",".","LxpSvc","System.ServiceProcess.ServiceController[]",,"Stopped","Win32ShareProcess","Manual",,
"lltdsvc","System.ServiceProcess.ServiceController[]","False","False","False","Link-Layer Topology Discovery Mapper","System.ServiceProcess.ServiceController[]",".","lltdsvc","System.ServiceProcess.ServiceController[]",,"Stopped","Win32ShareProcess","Manual",,
"wlpasvc","System.ServiceProcess.ServiceController[]","False","False","False","Local Profile Assistant Service","System.ServiceProcess.ServiceController[]",".","wlpasvc","System.ServiceProcess.ServiceController[]",,"Stopped","Win32ShareProcess","Manual",,
"MessagingService_156b9e4","System.ServiceProcess.ServiceController[]","False","False","False","MessagingService_156b9e4","System.ServiceProcess.ServiceController[]",".","MessagingService_156b9e4","System.ServiceProcess.ServiceController[]",,"Stopped","224","Manual",,
"diagnosticshub.standardcollector.service","System.ServiceProcess.ServiceController[]","False","False","False","Microsoft (R) Diagnostics Hub Standard Collector Service","System.ServiceProcess.ServiceController[]",".","diagnosticshub.standardcollector.service","System.ServiceProcess.ServiceController[]",,"Stopped","Win32OwnProcess","Disabled",,
"wlidsvc","System.ServiceProcess.ServiceController[]","False","False","False","Microsoft Account Sign-in Assistant","System.ServiceProcess.ServiceController[]",".","wlidsvc","System.ServiceProcess.ServiceController[]",,"Stopped","Win32OwnProcess, Win32ShareProcess","Manual",,
"AppVClient","System.ServiceProcess.ServiceController[]","False","False","False","Microsoft App-V Client","System.ServiceProcess.ServiceController[]",".","AppVClient","System.ServiceProcess.ServiceController[]",,"Stopped","Win32OwnProcess","Disabled",,
"MSiSCSI","System.ServiceProcess.ServiceController[]","False","False","False","Microsoft iSCSI Initiator Service","System.ServiceProcess.ServiceController[]",".","MSiSCSI","System.ServiceProcess.ServiceController[]",,"Stopped","Win32ShareProcess","Manual",,
"NgcSvc","System.ServiceProcess.ServiceController[]","False","False","False","Microsoft Passport",,".","NgcSvc","System.ServiceProcess.ServiceController[]",,"Stopped","Win32OwnProcess, Win32ShareProcess","Manual",,
"NgcCtnrSvc","System.ServiceProcess.ServiceController[]","False","False","False","Microsoft Passport Container",,".","NgcCtnrSvc","System.ServiceProcess.ServiceController[]",,"Stopped","Win32OwnProcess, Win32ShareProcess","Manual",,
"swprv","System.ServiceProcess.ServiceController[]","False","False","False","Microsoft Software Shadow Copy Provider","System.ServiceProcess.ServiceController[]",".","swprv","System.ServiceProcess.ServiceController[]",,"Stopped","Win32OwnProcess","Manual",,
"smphost","System.ServiceProcess.ServiceController[]","False","False","False","Microsoft Storage Spaces SMP","System.ServiceProcess.ServiceController[]",".","smphost","System.ServiceProcess.ServiceController[]",,"Stopped","Win32OwnProcess","Manual",,
"InstallService","System.ServiceProcess.ServiceController[]","False","False","False","Microsoft Store Install Service","System.ServiceProcess.ServiceController[]",".","InstallService","System.ServiceProcess.ServiceController[]",,"Stopped","Win32OwnProcess","Manual",,
"SmsRouter","System.ServiceProcess.ServiceController[]","False","False","False","Microsoft Windows SMS Router Service.",,".","SmsRouter","System.ServiceProcess.ServiceController[]",,"Stopped","Win32ShareProcess","Manual",,
"MozillaMaintenance","System.ServiceProcess.ServiceController[]","False","False","False","Mozilla Maintenance Service","System.ServiceProcess.ServiceController[]",".","MozillaMaintenance","System.ServiceProcess.ServiceController[]",,"Stopped","Win32OwnProcess","Manual",,
"NaturalAuthentication","System.ServiceProcess.ServiceController[]","False","False","False","Natural Authentication","System.ServiceProcess.ServiceController[]",".","NaturalAuthentication","System.ServiceProcess.ServiceController[]",,"Stopped","Win32ShareProcess","Manual",,
"NetTcpPortSharing","System.ServiceProcess.ServiceController[]","False","False","False","Net.Tcp Port Sharing Service","System.ServiceProcess.ServiceController[]",".","NetTcpPortSharing","System.ServiceProcess.ServiceController[]",,"Stopped","Win32ShareProcess","Disabled",,
"Netlogon","System.ServiceProcess.ServiceController[]","False","False","False","Netlogon","System.ServiceProcess.ServiceController[]",".","Netlogon","System.ServiceProcess.ServiceController[]",,"Stopped","Win32ShareProcess","Manual",,
"NcdAutoSetup","System.ServiceProcess.ServiceController[]","False","False","False","Network Connected Devices Auto-Setup","System.ServiceProcess.ServiceController[]",".","NcdAutoSetup","System.ServiceProcess.ServiceController[]",,"Stopped","Win32ShareProcess","Manual",,
"Netman","System.ServiceProcess.ServiceController[]","False","False","False","Network Connections","System.ServiceProcess.ServiceController[]",".","Netman","System.ServiceProcess.ServiceController[]",,"Stopped","Win32ShareProcess","Manual",,
"NcaSvc","System.ServiceProcess.ServiceController[]","False","False","False","Network Connectivity Assistant","System.ServiceProcess.ServiceController[]",".","NcaSvc","System.ServiceProcess.ServiceController[]",,"Stopped","Win32ShareProcess","Manual",,
"NetSetupSvc","System.ServiceProcess.ServiceController[]","False","False","False","Network Setup Service","System.ServiceProcess.ServiceController[]",".","NetSetupSvc","System.ServiceProcess.ServiceController[]",,"Stopped","Win32ShareProcess","Manual",,
"CscService","System.ServiceProcess.ServiceController[]","False","False","False","Offline Files","System.ServiceProcess.ServiceController[]",".","CscService","System.ServiceProcess.ServiceController[]",,"Stopped","Win32ShareProcess","Manual",,
"ssh-agent","System.ServiceProcess.ServiceController[]","False","False","False","OpenSSH Authentication Agent","System.ServiceProcess.ServiceController[]",".","ssh-agent","System.ServiceProcess.ServiceController[]",,"Stopped","Win32OwnProcess","Disabled",,
"defragsvc","System.ServiceProcess.ServiceController[]","False","False","False","Optimize drives","System.ServiceProcess.ServiceController[]",".","defragsvc","System.ServiceProcess.ServiceController[]",,"Stopped","Win32OwnProcess","Manual",,
"WpcMonSvc","System.ServiceProcess.ServiceController[]","False","False","False","Parental Controls","System.ServiceProcess.ServiceController[]",".","WpcMonSvc","System.ServiceProcess.ServiceController[]",,"Stopped","Win32OwnProcess","Manual",,
"SEMgrSvc","System.ServiceProcess.ServiceController[]","False","False","False","Payments and NFC/SE Manager","System.ServiceProcess.ServiceController[]",".","SEMgrSvc","System.ServiceProcess.ServiceController[]",,"Stopped","Win32OwnProcess","Disabled",,
"PNRPsvc","System.ServiceProcess.ServiceController[]","False","False","False","Peer Name Resolution Protocol","System.ServiceProcess.ServiceController[]",".","PNRPsvc","System.ServiceProcess.ServiceController[]",,"Stopped","Win32ShareProcess","Manual",,
"p2psvc","System.ServiceProcess.ServiceController[]","False","False","False","Peer Networking Grouping","System.ServiceProcess.ServiceController[]",".","p2psvc","System.ServiceProcess.ServiceController[]",,"Stopped","Win32ShareProcess","Manual",,
"p2pimsvc","System.ServiceProcess.ServiceController[]","False","False","False","Peer Networking Identity Manager","System.ServiceProcess.ServiceController[]",".","p2pimsvc","System.ServiceProcess.ServiceController[]",,"Stopped","Win32ShareProcess","Manual",,
"PerfHost","System.ServiceProcess.ServiceController[]","False","False","False","Performance Counter DLL Host","System.ServiceProcess.ServiceController[]",".","PerfHost","System.ServiceProcess.ServiceController[]",,"Stopped","Win32OwnProcess","Manual",,
"pla","System.ServiceProcess.ServiceController[]","False","False","False","Performance Logs & Alerts",,".","pla","System.ServiceProcess.ServiceController[]",,"Stopped","Win32ShareProcess","Manual",,
"PhoneSvc","System.ServiceProcess.ServiceController[]","False","False","False","Phone Service","System.ServiceProcess.ServiceController[]",".","PhoneSvc","System.ServiceProcess.ServiceController[]",,"Stopped","Win32ShareProcess","Manual",,
"PNRPAutoReg","System.ServiceProcess.ServiceController[]","False","False","False","PNRP Machine Name Publication Service","System.ServiceProcess.ServiceController[]",".","PNRPAutoReg","System.ServiceProcess.ServiceController[]",,"Stopped","Win32ShareProcess","Manual",,
"WPDBusEnum","System.ServiceProcess.ServiceController[]","False","False","False","Portable Device Enumerator Service","System.ServiceProcess.ServiceController[]",".","WPDBusEnum","System.ServiceProcess.ServiceController[]",,"Stopped","Win32OwnProcess, Win32ShareProcess","Manual",,
"PrintNotify","System.ServiceProcess.ServiceController[]","False","False","False","Printer Extensions and Notifications","System.ServiceProcess.ServiceController[]",".","PrintNotify","System.ServiceProcess.ServiceController[]",,"Stopped","Win32ShareProcess, InteractiveProcess","Manual",,
"PrintWorkflowUserSvc_156b9e4","System.ServiceProcess.ServiceController[]","False","False","False","PrintWorkflow_156b9e4","System.ServiceProcess.ServiceController[]",".","PrintWorkflowUserSvc_156b9e4","System.ServiceProcess.ServiceController[]",,"Stopped","224","Manual",,
"wercplsupport","System.ServiceProcess.ServiceController[]","False","False","False","Problem Reports and Solutions Control Panel Support","System.ServiceProcess.ServiceController[]",".","wercplsupport","System.ServiceProcess.ServiceController[]",,"Stopped","Win32ShareProcess","Manual",,
"QWAVE","System.ServiceProcess.ServiceController[]","False","False","False","Quality Windows Audio Video Experience","System.ServiceProcess.ServiceController[]",".","QWAVE","System.ServiceProcess.ServiceController[]",,"Stopped","Win32ShareProcess","Manual",,
"RmSvc","System.ServiceProcess.ServiceController[]","False","False","False","Radio Management Service","System.ServiceProcess.ServiceController[]",".","RmSvc","System.ServiceProcess.ServiceController[]",,"Stopped","Win32ShareProcess","Disabled",,
"RasAuto","System.ServiceProcess.ServiceController[]","False","False","False","Remote Access Auto Connection Manager","System.ServiceProcess.ServiceController[]",".","RasAuto","System.ServiceProcess.ServiceController[]",,"Stopped","Win32ShareProcess","Manual",,
"RasMan","System.ServiceProcess.ServiceController[]","False","False","False","Remote Access Connection Manager","System.ServiceProcess.ServiceController[]",".","RasMan","System.ServiceProcess.ServiceController[]",,"Stopped","Win32ShareProcess","Manual",,
"SessionEnv","System.ServiceProcess.ServiceController[]","False","False","False","Remote Desktop Configuration","System.ServiceProcess.ServiceController[]",".","SessionEnv","System.ServiceProcess.ServiceController[]",,"Stopped","Win32ShareProcess","Manual",,
"TermService","System.ServiceProcess.ServiceController[]","False","False","False","Remote Desktop Services","System.ServiceProcess.ServiceController[]",".","TermService","System.ServiceProcess.ServiceController[]",,"Stopped","Win32ShareProcess","Manual",,
"UmRdpService","System.ServiceProcess.ServiceController[]","False","False","False","Remote Desktop Services UserMode Port Redirector","System.ServiceProcess.ServiceController[]",".","UmRdpService","System.ServiceProcess.ServiceController[]",,"Stopped","Win32ShareProcess","Manual",,
"RpcLocator","System.ServiceProcess.ServiceController[]","False","False","False","Remote Procedure Call (RPC) Locator","System.ServiceProcess.ServiceController[]",".","RpcLocator","System.ServiceProcess.ServiceController[]",,"Stopped","Win32OwnProcess","Manual",,
"RemoteRegistry","System.ServiceProcess.ServiceController[]","False","False","False","Remote Registry","System.ServiceProcess.ServiceController[]",".","RemoteRegistry","System.ServiceProcess.ServiceController[]",,"Stopped","Win32ShareProcess","Disabled",,
"RetailDemo","System.ServiceProcess.ServiceController[]","False","False","False","Retail Demo Service","System.ServiceProcess.ServiceController[]",".","RetailDemo","System.ServiceProcess.ServiceController[]",,"Stopped","Win32ShareProcess","Disabled",,
"RemoteAccess","System.ServiceProcess.ServiceController[]","False","False","False","Routing and Remote Access","System.ServiceProcess.ServiceController[]",".","RemoteAccess","System.ServiceProcess.ServiceController[]",,"Stopped","Win32ShareProcess","Disabled",,
"seclogon","System.ServiceProcess.ServiceController[]","False","False","False","Secondary Logon","System.ServiceProcess.ServiceController[]",".","seclogon","System.ServiceProcess.ServiceController[]",,"Stopped","Win32ShareProcess","Manual",,
"SstpSvc","System.ServiceProcess.ServiceController[]","False","False","False","Secure Socket Tunneling Protocol Service","System.ServiceProcess.ServiceController[]",".","SstpSvc","System.ServiceProcess.ServiceController[]",,"Stopped","Win32ShareProcess","Manual",,
"SensorDataService","System.ServiceProcess.ServiceController[]","False","False","False","Sensor Data Service","System.ServiceProcess.ServiceController[]",".","SensorDataService","System.ServiceProcess.ServiceController[]",,"Stopped","Win32OwnProcess","Manual",,
"SensrSvc","System.ServiceProcess.ServiceController[]","False","False","False","Sensor Monitoring Service","System.ServiceProcess.ServiceController[]",".","SensrSvc","System.ServiceProcess.ServiceController[]",,"Stopped","Win32ShareProcess","Manual",,
"SensorService","System.ServiceProcess.ServiceController[]","False","False","False","Sensor Service","System.ServiceProcess.ServiceController[]",".","SensorService","System.ServiceProcess.ServiceController[]",,"Stopped","Win32ShareProcess","Manual",,
"shpamsvc","System.ServiceProcess.ServiceController[]","False","False","False","Shared PC Account Manager","System.ServiceProcess.ServiceController[]",".","shpamsvc","System.ServiceProcess.ServiceController[]",,"Stopped","Win32ShareProcess","Disabled",,
"SCardSvr","System.ServiceProcess.ServiceController[]","False","False","False","Smart Card","System.ServiceProcess.ServiceController[]",".","SCardSvr","System.ServiceProcess.ServiceController[]",,"Stopped","Win32ShareProcess","Manual",,
"ScDeviceEnum","System.ServiceProcess.ServiceController[]","False","False","False","Smart Card Device Enumeration Service","System.ServiceProcess.ServiceController[]",".","ScDeviceEnum","System.ServiceProcess.ServiceController[]",,"Stopped","Win32ShareProcess","Manual",,
"SCPolicySvc","System.ServiceProcess.ServiceController[]","False","False","False","Smart Card Removal Policy","System.ServiceProcess.ServiceController[]",".","SCPolicySvc","System.ServiceProcess.ServiceController[]",,"Stopped","Win32ShareProcess","Manual",,
"SNMPTRAP","System.ServiceProcess.ServiceController[]","False","False","False","SNMP Trap","System.ServiceProcess.ServiceController[]",".","SNMPTRAP","System.ServiceProcess.ServiceController[]",,"Stopped","Win32OwnProcess","Manual",,
"sppsvc","System.ServiceProcess.ServiceController[]","False","False","False","Software Protection","System.ServiceProcess.ServiceController[]",".","sppsvc","System.ServiceProcess.ServiceController[]",,"Stopped","Win32OwnProcess","Automatic",,
"SharedRealitySvc","System.ServiceProcess.ServiceController[]","False","False","False","Spatial Data Service","System.ServiceProcess.ServiceController[]",".","SharedRealitySvc","System.ServiceProcess.ServiceController[]",,"Stopped","Win32ShareProcess","Manual",,
"svsvc","System.ServiceProcess.ServiceController[]","False","False","False","Spot Verifier","System.ServiceProcess.ServiceController[]",".","svsvc","System.ServiceProcess.ServiceController[]",,"Stopped","Win32ShareProcess","Manual",,
"WiaRpc","System.ServiceProcess.ServiceController[]","False","False","False","Still Image Acquisition Events","System.ServiceProcess.ServiceController[]",".","WiaRpc","System.ServiceProcess.ServiceController[]",,"Stopped","Win32ShareProcess","Manual",,
"TieringEngineService","System.ServiceProcess.ServiceController[]","False","False","False","Storage Tiers Management","System.ServiceProcess.ServiceController[]",".","TieringEngineService","System.ServiceProcess.ServiceController[]",,"Stopped","Win32OwnProcess","Manual",,
"TapiSrv","System.ServiceProcess.ServiceController[]","False","False","False","Telephony","System.ServiceProcess.ServiceController[]",".","TapiSrv","System.ServiceProcess.ServiceController[]",,"Stopped","Win32ShareProcess","Manual",,
"upnphost","System.ServiceProcess.ServiceController[]","False","False","False","UPnP Device Host","System.ServiceProcess.ServiceController[]",".","upnphost","System.ServiceProcess.ServiceController[]",,"Stopped","Win32ShareProcess","Manual",,
"UserDataSvc_156b9e4","System.ServiceProcess.ServiceController[]","False","False","False","User Data Access_156b9e4","System.ServiceProcess.ServiceController[]",".","UserDataSvc_156b9e4","System.ServiceProcess.ServiceController[]",,"Stopped","224","Manual",,
"UnistoreSvc_156b9e4","System.ServiceProcess.ServiceController[]","False","False","False","User Data Storage_156b9e4","System.ServiceProcess.ServiceController[]",".","UnistoreSvc_156b9e4","System.ServiceProcess.ServiceController[]",,"Stopped","224","Manual",,
"UevAgentService","System.ServiceProcess.ServiceController[]","False","False","False","User Experience Virtualization Service","System.ServiceProcess.ServiceController[]",".","UevAgentService","System.ServiceProcess.ServiceController[]",,"Stopped","Win32OwnProcess","Disabled",,
"VirtioFsSvc","System.ServiceProcess.ServiceController[]","False","False","False","VirtIO-FS Service","System.ServiceProcess.ServiceController[]",".","VirtioFsSvc","System.ServiceProcess.ServiceController[]",,"Stopped","Win32OwnProcess","Manual",,
"vds","System.ServiceProcess.ServiceController[]","False","False","False","Virtual Disk","System.ServiceProcess.ServiceController[]",".","vds","System.ServiceProcess.ServiceController[]",,"Stopped","Win32OwnProcess","Manual",,
"vmvss","System.ServiceProcess.ServiceController[]","False","False","False","VMware Snapshot Provider","System.ServiceProcess.ServiceController[]",".","vmvss","System.ServiceProcess.ServiceController[]",,"Stopped","Win32OwnProcess","Manual",,
"VMTools","System.ServiceProcess.ServiceController[]","False","False","False","VMware Tools","System.ServiceProcess.ServiceController[]",".","VMTools","System.ServiceProcess.ServiceController[]",,"Stopped","Win32OwnProcess","Automatic",,
"VSS","System.ServiceProcess.ServiceController[]","False","False","False","Volume Shadow Copy","System.ServiceProcess.ServiceController[]",".","VSS","System.ServiceProcess.ServiceController[]",,"Stopped","Win32OwnProcess","Manual",,
"VacSvc","System.ServiceProcess.ServiceController[]","False","False","False","Volumetric Audio Compositor Service","System.ServiceProcess.ServiceController[]",".","VacSvc","System.ServiceProcess.ServiceController[]",,"Stopped","Win32OwnProcess","Manual",,
"WalletService","System.ServiceProcess.ServiceController[]","False","False","False","WalletService","System.ServiceProcess.ServiceController[]",".","WalletService","System.ServiceProcess.ServiceController[]",,"Stopped","Win32ShareProcess","Manual",,
"WarpJITSvc","System.ServiceProcess.ServiceController[]","False","False","False","WarpJITSvc","System.ServiceProcess.ServiceController[]",".","WarpJITSvc","System.ServiceProcess.ServiceController[]",,"Stopped","Win32OwnProcess","Manual",,
"WebClient","System.ServiceProcess.ServiceController[]","False","False","False","WebClient","System.ServiceProcess.ServiceController[]",".","WebClient","System.ServiceProcess.ServiceController[]",,"Stopped","Win32ShareProcess","Manual",,
"WFDSConMgrSvc","System.ServiceProcess.ServiceController[]","False","False","False","Wi-Fi Direct Services Connection Manager Service","System.ServiceProcess.ServiceController[]",".","WFDSConMgrSvc","System.ServiceProcess.ServiceController[]",,"Stopped","Win32ShareProcess","Manual",,
"SDRSVC","System.ServiceProcess.ServiceController[]","False","False","False","Windows Backup","System.ServiceProcess.ServiceController[]",".","SDRSVC","System.ServiceProcess.ServiceController[]",,"Stopped","Win32OwnProcess","Manual",,
"WbioSrvc","System.ServiceProcess.ServiceController[]","False","False","False","Windows Biometric Service","System.ServiceProcess.ServiceController[]",".","WbioSrvc","System.ServiceProcess.ServiceController[]",,"Stopped","Win32ShareProcess","Manual",,
"FrameServer","System.ServiceProcess.ServiceController[]","False","False","False","Windows Camera Frame Server","System.ServiceProcess.ServiceController[]",".","FrameServer","System.ServiceProcess.ServiceController[]",,"Stopped","Win32ShareProcess","Manual",,
"wcncsvc","System.ServiceProcess.ServiceController[]","False","False","False","Windows Connect Now - Config Registrar","System.ServiceProcess.ServiceController[]",".","wcncsvc","System.ServiceProcess.ServiceController[]",,"Stopped","Win32ShareProcess","Manual",,
"Sense","System.ServiceProcess.ServiceController[]","False","False","False","Windows Defender Advanced Threat Protection Service","System.ServiceProcess.ServiceController[]",".","Sense","System.ServiceProcess.ServiceController[]",,"Stopped","Win32OwnProcess","Manual",,
"WEPHOSTSVC","System.ServiceProcess.ServiceController[]","False","False","False","Windows Encryption Provider Host Service","System.ServiceProcess.ServiceController[]",".","WEPHOSTSVC","System.ServiceProcess.ServiceController[]",,"Stopped","Win32ShareProcess","Manual",,
"WerSvc","System.ServiceProcess.ServiceController[]","False","False","False","Windows Error Reporting Service","System.ServiceProcess.ServiceController[]",".","WerSvc","System.ServiceProcess.ServiceController[]",,"Stopped","Win32OwnProcess","Disabled",,
"Wecsvc","System.ServiceProcess.ServiceController[]","False","False","False","Windows Event Collector","System.ServiceProcess.ServiceController[]",".","Wecsvc","System.ServiceProcess.ServiceController[]",,"Stopped","Win32ShareProcess","Manual",,
"stisvc","System.ServiceProcess.ServiceController[]","False","False","False","Windows Image Acquisition (WIA)","System.ServiceProcess.ServiceController[]",".","stisvc","System.ServiceProcess.ServiceController[]",,"Stopped","Win32OwnProcess","Manual",,
"wisvc","System.ServiceProcess.ServiceController[]","False","False","False","Windows Insider Service","System.ServiceProcess.ServiceController[]",".","wisvc","System.ServiceProcess.ServiceController[]",,"Stopped","Win32OwnProcess, Win32ShareProcess","Manual",,
"msiserver","System.ServiceProcess.ServiceController[]","False","False","False","Windows Installer","System.ServiceProcess.ServiceController[]",".","msiserver","System.ServiceProcess.ServiceController[]",,"Stopped","Win32OwnProcess","Manual",,
"WManSvc","System.ServiceProcess.ServiceController[]","False","False","False","Windows Management Service","System.ServiceProcess.ServiceController[]",".","WManSvc","System.ServiceProcess.ServiceController[]",,"Stopped","Win32ShareProcess","Manual",,
"WMPNetworkSvc","System.ServiceProcess.ServiceController[]","False","False","False","Windows Media Player Network Sharing Service","System.ServiceProcess.ServiceController[]",".","WMPNetworkSvc","System.ServiceProcess.ServiceController[]",,"Stopped","Win32OwnProcess","Manual",,
"icssvc","System.ServiceProcess.ServiceController[]","False","False","False","Windows Mobile Hotspot Service","System.ServiceProcess.ServiceController[]",".","icssvc","System.ServiceProcess.ServiceController[]",,"Stopped","Win32ShareProcess","Disabled",,
"TrustedInstaller","System.ServiceProcess.ServiceController[]","False","False","False","Windows Modules Installer","System.ServiceProcess.ServiceController[]",".","TrustedInstaller","System.ServiceProcess.ServiceController[]",,"Stopped","Win32OwnProcess","Manual",,
"spectrum","System.ServiceProcess.ServiceController[]","False","False","False","Windows Perception Service","System.ServiceProcess.ServiceController[]",".","spectrum","System.ServiceProcess.ServiceController[]",,"Stopped","Win32OwnProcess","Manual",,
"perceptionsimulation","System.ServiceProcess.ServiceController[]","False","False","False","Windows Perception Simulation Service","System.ServiceProcess.ServiceController[]",".","perceptionsimulation","System.ServiceProcess.ServiceController[]",,"Stopped","Win32OwnProcess","Manual",,
"PushToInstall","System.ServiceProcess.ServiceController[]","False","False","False","Windows PushToInstall Service","System.ServiceProcess.ServiceController[]",".","PushToInstall","System.ServiceProcess.ServiceController[]",,"Stopped","Win32OwnProcess, Win32ShareProcess","Manual",,
"WinRM","System.ServiceProcess.ServiceController[]","False","False","False","Windows Remote Management (WS-Management)","System.ServiceProcess.ServiceController[]",".","WinRM","System.ServiceProcess.ServiceController[]",,"Stopped","Win32ShareProcess","Manual",,
"WSearch","System.ServiceProcess.ServiceController[]","False","False","False","Windows Search","System.ServiceProcess.ServiceController[]",".","WSearch","System.ServiceProcess.ServiceController[]",,"Stopped","Win32OwnProcess","Disabled",,
"W32Time","System.ServiceProcess.ServiceController[]","False","False","False","Windows Time","System.ServiceProcess.ServiceController[]",".","W32Time","System.ServiceProcess.ServiceController[]",,"Stopped","Win32OwnProcess, Win32ShareProcess","Manual",,
"wuauserv","System.ServiceProcess.ServiceController[]","False","False","False","Windows Update","System.ServiceProcess.ServiceController[]",".","wuauserv","System.ServiceProcess.ServiceController[]",,"Stopped","Win32OwnProcess, Win32ShareProcess","Manual",,
"WaaSMedicSvc","System.ServiceProcess.ServiceController[]","False","False","False","Windows Update Medic Service","System.ServiceProcess.ServiceController[]",".","WaaSMedicSvc","System.ServiceProcess.ServiceController[]",,"Stopped","Win32OwnProcess, Win32ShareProcess","Manual",,
"dot3svc","System.ServiceProcess.ServiceController[]","False","False","False","Wired AutoConfig","System.ServiceProcess.ServiceController[]",".","dot3svc","System.ServiceProcess.ServiceController[]",,"Stopped","Win32ShareProcess","Manual",,
"WlanSvc","System.ServiceProcess.ServiceController[]","False","False","False","WLAN AutoConfig","System.ServiceProcess.ServiceController[]",".","WlanSvc","System.ServiceProcess.ServiceController[]",,"Stopped","Win32OwnProcess","Manual",,
"workfolderssvc","System.ServiceProcess.ServiceController[]","False","False","False","Work Folders","System.ServiceProcess.ServiceController[]",".","workfolderssvc","System.ServiceProcess.ServiceController[]",,"Stopped","Win32ShareProcess","Manual",,
"WwanSvc","System.ServiceProcess.ServiceController[]","False","False","False","WWAN AutoConfig","System.ServiceProcess.ServiceController[]",".","WwanSvc","System.ServiceProcess.ServiceController[]",,"Stopped","Win32ShareProcess","Manual",,
"XboxGipSvc","System.ServiceProcess.ServiceController[]","False","False","False","Xbox Accessory Management Service","System.ServiceProcess.ServiceController[]",".","XboxGipSvc","System.ServiceProcess.ServiceController[]",,"Stopped","Win32ShareProcess","Manual",,
"XblAuthManager","System.ServiceProcess.ServiceController[]","False","False","False","Xbox Live Auth Manager","System.ServiceProcess.ServiceController[]",".","XblAuthManager","System.ServiceProcess.ServiceController[]",,"Stopped","Win32ShareProcess","Manual",,
"XblGameSave","System.ServiceProcess.ServiceController[]","False","False","False","Xbox Live Game Save","System.ServiceProcess.ServiceController[]",".","XblGameSave","System.ServiceProcess.ServiceController[]",,"Stopped","Win32ShareProcess","Manual",,
"XboxNetApiSvc","System.ServiceProcess.ServiceController[]","False","False","False","Xbox Live Networking Service","System.ServiceProcess.ServiceController[]",".","XboxNetApiSvc","System.ServiceProcess.ServiceController[]",,"Stopped","Win32ShareProcess","Manual",,
